Date	DIV	Assay	Run #	ID	Wells_Recorded	Neuron Source	Detailed Scan Information
2/28/2025	3	Full Scan 30s	1	M07708	"1,2,3,4,5,6"	"A_Male, B_Male, D_Male, A_Female, B_Female, D_Female"	Full Scan 30s
2/28/2025	3	Network Today Default	2	M07708	"1,2,3,4,5,6"	"A_Male, B_Male, D_Male, A_Female, B_Female, D_Female"	Network Today Default
2/28/2025	3	Neuronal Units 9	3	M07708	"1,2,3,4,5,6"	"A_Male, B_Male, D_Male, A_Female, B_Female, D_Female"	Neuronal Units Scan_9electrodes/unit
2/28/2025	3	Full Scan 30s	4	M07137	"1,2,3,4,5,6"	"A_Male, B_Male, D_Male, E_Male, A_Female, B_Female"	
2/28/2025	3	Network Today Default	5	M07137	"1,2,3,4,5,6"	"A_Male, B_Male, D_Male, E_Male, A_Female, B_Female"	
2/28/2025	3	Neuronal Units 9	6	M07137	"1,2,3,4,5,6"	"A_Male, B_Male, D_Male, E_Male, A_Female, B_Female"	LEGEND
2/28/2025	3	Full Scan 30s	7	M08092	"1,2,3,4,5,6"	"A_Male, B_Male, D_Male, E_Male, D_Female, E_Female"	A = Control (2mg)
2/28/2025	3	Network Today Default	8	M08092	"1,2,3,4,5,6"	"A_Male, B_Male, D_Male, E_Male, D_Female, E_Female"	B = FA deficiency (0mg)
2/28/2025	3	Neuronal Units 9	9	M08092	"1,2,3,4,5,6"	"A_Male, B_Male, D_Male, E_Male, D_Female, E_Female"	C = FA excess (10mg)
2/28/2025	3	Full Scan 30s	10	M07865	"1,2,3,4,5,6"	"E_Male, A_Female, B_Female, D_Female, E_Female, E_Female"	D = FA Super Excess (20mg)
2/28/2025	3	Network Today Default	11	M07865	"1,2,3,4,5,6"	"E_Male, A_Female, B_Female, D_Female, E_Female, E_Female"	E = Follinic Acid Excess 
2/28/2025	3	Neuronal Units 9	12	M07865	"1,2,3,4,5,6"	"E_Male, A_Female, B_Female, D_Female, E_Female, E_Female"	
3/3/2025	6	Full Scan 30s	13	M07708	"1,2,3,4,5,6"	"A_Male, B_Male, D_Male, A_Female, B_Female, D_Female"	
3/3/2025	6	Network Today Default	14	M07708	"1,2,3,4,5,6"	"A_Male, B_Male, D_Male, A_Female, B_Female, D_Female"	
3/3/2025	6	Neuronal Units 9	15	M07708	"1,2,3,4,5,6"	"A_Male, B_Male, D_Male, A_Female, B_Female, D_Female"	
3/3/2025	6	Axon Tracking 1hr	16	M07708	"1,2,3,4,5,6"	"A_Male, B_Male, D_Male, A_Female, B_Female, D_Female"	
3/3/2025	6	Axon Tracking 13 mins	17	M07708	"1,2,3,4,5,6"	"A_Male, B_Male, D_Male, A_Female, B_Female, D_Female"	
3/3/2025	6	Full Scan 30s	18	M08092	"1,2,3,4,5,6"	"A_Male, B_Male, D_Male, E_Male, D_Female, E_Female"	
3/3/2025	6	Network Today Default	19	M08092	"1,2,3,4,5,6"	"A_Male, B_Male, D_Male, E_Male, D_Female, E_Female"	
3/3/2025	6	Neuronal Units 9	20	M08092	"1,2,3,4,5,6"	"A_Male, B_Male, D_Male, E_Male, D_Female, E_Female"	
3/3/2025	6	Axon Tracking 1hr	21	M08092	"1,2,3,4,5,6"	"A_Male, B_Male, D_Male, E_Male, D_Female, E_Female"	
3/3/2025	6	Axon Tracking 13 mins	22	M08092	"1,2,3,4,5,6"	"A_Male, B_Male, D_Male, E_Male, D_Female, E_Female"	
3/3/2025	6	Full Scan 30s	23	M07865	"1,2,3,4,5,6"	"E_Male, A_Female, B_Female, D_Female, E_Female, E_Female"	
3/3/2025	6	Network Today Default	24	M07865	"1,2,3,4,5,6"	"E_Male, A_Female, B_Female, D_Female, E_Female, E_Female"	
3/3/2025	6	Neuronal Units 9	25	M07865	"1,2,3,4,5,6"	"E_Male, A_Female, B_Female, D_Female, E_Female, E_Female"	
3/3/2025	6	Full Scan 30s	26	M07137	"1,2,3,4,5,6"	"A_Male, B_Male, D_Male, E_Male, A_Female, B_Female"	
3/3/2025	6	Network Today Default	27	M07137	"1,2,3,4,5,6"	"A_Male, B_Male, D_Male, E_Male, A_Female, B_Female"	
3/3/2025	6	Neuronal Units 9	28	M07137	"1,2,3,4,5,6"	"A_Male, B_Male, D_Male, E_Male, A_Female, B_Female"	
3/6/2025	9	Full Scan 30s	29	M07708	"1,2,3,4,5,6"	"A_Male, B_Male, D_Male, A_Female, B_Female, D_Female"	
3/6/2025	9	Network Today Default	30	M07708	"1,2,3,4,5,6"	"A_Male, B_Male, D_Male, A_Female, B_Female, D_Female"	
3/6/2025	9	Neuronal Units 9	31	M07708	"1,2,3,4,5,6"	"A_Male, B_Male, D_Male, A_Female, B_Female, D_Female"	
3/6/2025	9	Full Scan 30s	32	M07137	"1,2,3,4,5,6"	"A_Male, B_Male, D_Male, E_Male, A_Female, B_Female"	
3/6/2025	9	Network Today Default	33	M07137	"1,2,3,4,5,6"	"A_Male, B_Male, D_Male, E_Male, A_Female, B_Female"	
3/6/2025	9	Neuronal Units 9	34	M07137	"1,2,3,4,5,6"	"A_Male, B_Male, D_Male, E_Male, A_Female, B_Female"	
3/6/2025	9	Full Scan 30s	35	M08092	"1,2,3,4,5,6"	"A_Male, B_Male, D_Male, E_Male, D_Female, E_Female"	
3/6/2025	9	Network Today Default	36	M08092	"1,2,3,4,5,6"	"A_Male, B_Male, D_Male, E_Male, D_Female, E_Female"	
3/6/2025	9	Neuronal Units 9	37	M08092	"1,2,3,4,5,6"	"A_Male, B_Male, D_Male, E_Male, D_Female, E_Female"	
3/6/2025	9	Full Scan 30s	38	M07865	"1,2,3,4,5,6"	"E_Male, A_Female, B_Female, D_Female, E_Female, E_Female"	
3/6/2025	9	Network Today Default	39	M07865	"1,2,3,4,5,6"	"E_Male, A_Female, B_Female, D_Female, E_Female, E_Female"	
3/6/2025	9	Neuronal Units 9	40	M07865	"1,2,3,4,5,6"	"E_Male, A_Female, B_Female, D_Female, E_Female, E_Female"	
3/10/2025	13	Full Scan 30s	45	M07865	"1,2,3,4,5,6"	"E_Male, A_Female, B_Female, D_Female, E_Female, E_Female"	
3/10/2025	13	Network Today Default	46	M07865	"1,2,3,4,5,6"	"E_Male, A_Female, B_Female, D_Female, E_Female, E_Female"	
3/10/2025	13	Neuronal Units 9	47	M07865	"1,2,3,4,5,6"	"E_Male, A_Female, B_Female, D_Female, E_Female, E_Female"	
3/10/2025	13	Axon Tracking 1hr	48	M07865	"1,2,3,4,5,6"	"E_Male, A_Female, B_Female, D_Female, E_Female, E_Female"	
3/10/2025	13	Axon Tracking 13 mins	49	M07865	"1,2,3,4,5,6"	"E_Male, A_Female, B_Female, D_Female, E_Female, E_Female"	
3/10/2025	13	Full Scan 30s	50	M08092	"1,2,3,4,5,6"	"A_Male, B_Male, D_Male, E_Male, D_Female, E_Female"	
3/10/2025	13	Network Today Default	51	M08092	"1,2,3,4,5,6"	"A_Male, B_Male, D_Male, E_Male, D_Female, E_Female"	
3/10/2025	13	Neuronal Units 9	52	M08092	"1,2,3,4,5,6"	"A_Male, B_Male, D_Male, E_Male, D_Female, E_Female"	
3/10/2025	13	Axon Tracking 1hr	53	M08092	"1,2,3,4,5,6"	"A_Male, B_Male, D_Male, E_Male, D_Female, E_Female"	
3/10/2025	13	Axon Tracking 13 mins	54	M08092	"1,2,3,4,5,6"	"A_Male, B_Male, D_Male, E_Male, D_Female, E_Female"	
3/10/2025	13	Full Scan 30s	55	M07708	"1,2,3,4,5,6"	"A_Male, B_Male, D_Male, A_Female, B_Female, D_Female"	
3/10/2025	13	Network Today Default	56	M07708	"1,2,3,4,5,6"	"A_Male, B_Male, D_Male, A_Female, B_Female, D_Female"	
3/10/2025	13	Neuronal Units 9	57	M07708	"1,2,3,4,5,6"	"A_Male, B_Male, D_Male, A_Female, B_Female, D_Female"	
3/10/2025	13	Axon Tracking 1hr	58	M07708	"1,2,3,4,5,6"	"A_Male, B_Male, D_Male, A_Female, B_Female, D_Female"	
3/10/2025	13	Axon Tracking 13 mins	59	M07708	"1,2,3,4,5,6"	"A_Male, B_Male, D_Male, A_Female, B_Female, D_Female"	
3/10/2025	13	Full Scan 30s	60	M07137	"1,2,3,4,5,6"	"A_Male, B_Male, D_Male, E_Male, A_Female, B_Female"	
3/10/2025	13	Network Today Default	61	M07137	"1,2,3,4,5,6"	"A_Male, B_Male, D_Male, E_Male, A_Female, B_Female"	
3/10/2025	13	Neuronal Units 9	62	M07137	"1,2,3,4,5,6"	"A_Male, B_Male, D_Male, E_Male, A_Female, B_Female"	
3/10/2025	13	Axon Tracking 1hr	63	M07137	"1,2,3,4,5,6"	"A_Male, B_Male, D_Male, E_Male, A_Female, B_Female"	
3/10/2025	13	Axon Tracking 13 mins	64	M07137	"1,2,3,4,5,6"	"A_Male, B_Male, D_Male, E_Male, A_Female, B_Female"	
3/13/2025	16	Full Scan 30s	66	M07708	"1,2,3,4,5,6"	"A_Male, B_Male, D_Male, A_Female, B_Female, D_Female"	
3/13/2025	16	Network Today Default	67	M07708	"1,2,3,4,5,6"	"A_Male, B_Male, D_Male, A_Female, B_Female, D_Female"	
3/13/2025	16	Neuronal Units 9	68	M07708	"1,2,3,4,5,6"	"A_Male, B_Male, D_Male, A_Female, B_Female, D_Female"	
3/13/2025	16	Full Scan 30s	69	M07137	"1,2,3,4,5,6"	"A_Male, B_Male, D_Male, E_Male, A_Female, B_Female"	
3/13/2025	16	Network Today Default	70	M07137	"1,2,3,4,5,6"	"A_Male, B_Male, D_Male, E_Male, A_Female, B_Female"	
3/13/2025	16	Neuronal Units 9	72	M07137	"1,2,3,4,5,6"	"A_Male, B_Male, D_Male, E_Male, A_Female, B_Female"	
3/13/2025	16	Full Scan 30s	73	M08092	"1,2,3,4,5,6"	"A_Male, B_Male, D_Male, E_Male, D_Female, E_Female"	
3/13/2025	16	Network Today Default	74	M08092	"1,2,3,4,5,6"	"A_Male, B_Male, D_Male, E_Male, D_Female, E_Female"	
3/13/2025	16	Neuronal Units 9	75	M08092	"1,2,3,4,5,6"	"A_Male, B_Male, D_Male, E_Male, D_Female, E_Female"	
3/13/2025	16	Full Scan 30s	76	M07865	"1,2,3,4,5,6"	"E_Male, A_Female, B_Female, D_Female, E_Female, E_Female"	
3/13/2025	16	Network Today Default	77	M07865	"1,2,3,4,5,6"	"E_Male, A_Female, B_Female, D_Female, E_Female, E_Female"	
3/13/2025	16	Neuronal Units 9	79	M07865	"1,2,3,4,5,6"	"E_Male, A_Female, B_Female, D_Female, E_Female, E_Female"	
3/17/2025	20	Full Scan 30s	80	M07708	"1,2,3,4,5,6"	"A_Male, B_Male, D_Male, A_Female, B_Female, D_Female"	
3/17/2025	20	Network Today Default	81	M07708	"1,2,3,4,5,6"	"A_Male, B_Male, D_Male, A_Female, B_Female, D_Female"	
3/17/2025	20	Neuronal Units 9	82	M07708	"1,2,3,4,5,6"	"A_Male, B_Male, D_Male, A_Female, B_Female, D_Female"	
3/17/2025	20	Full Scan 30s	83	M07137	"1,2,3,4,5,6"	"A_Male, B_Male, D_Male, E_Male, A_Female, B_Female"	
3/17/2025	20	Network Today Default	84	M07137	"1,2,3,4,5,6"	"A_Male, B_Male, D_Male, E_Male, A_Female, B_Female"	
3/17/2025	20	Neuronal Units 9	85	M07137	"1,2,3,4,5,6"	"A_Male, B_Male, D_Male, E_Male, A_Female, B_Female"	
3/17/2025	20	Full Scan 30s	86	M07865	"1,2,3,4,5,6"	"E_Male, A_Female, B_Female, D_Female, E_Female, E_Female"	
3/17/2025	20	Network Today Default	87	M07865	"1,2,3,4,5,6"	"E_Male, A_Female, B_Female, D_Female, E_Female, E_Female"	
3/17/2025	20	Neuronal Units 9	88	M07865	"1,2,3,4,5,6"	"E_Male, A_Female, B_Female, D_Female, E_Female, E_Female"	
3/17/2025	20	Full Scan 30s	89	M08092	"1,2,3,4,5,6"	"A_Male, B_Male, D_Male, E_Male, D_Female, E_Female"	
3/17/2025	20	Network Today Default	90	M08092	"1,2,3,4,5,6"	"A_Male, B_Male, D_Male, E_Male, D_Female, E_Female"	
3/17/2025	20	Neuronal Units 9	91	M08092	"1,2,3,4,5,6"	"A_Male, B_Male, D_Male, E_Male, D_Female, E_Female"	
3/17/2025	5	Full Scan 30s	95	M08068	"1,2,3,4,5,6"	"C_Male, E_Female, C_Male, C_Male, E_Female, E_Male"	
3/17/2025	5	Network Today Default	96	M08068	"1,2,3,4,5,6"	"C_Male, E_Female, C_Male, C_Male, E_Female, E_Male"	
3/17/2025	5	Neuronal Units 9	97	M08068	"1,2,3,4,5,6"	"C_Male, E_Female, C_Male, C_Male, E_Female, E_Male"	
3/17/2025	5	Full Scan 30s	99	M08032	"1,2,3,4,5,6"	"C_Male, E_Male, C_Male, C_Male, E_Male, E_Female"	
3/17/2025	5	Network Today Default	100	M08032	"1,2,3,4,5,6"	"C_Male, E_Male, C_Male, C_Male, E_Male, E_Female"	
3/17/2025	5	Neuronal Units 9	101	M08032	"1,2,3,4,5,6"	"C_Male, E_Male, C_Male, C_Male, E_Male, E_Female"	
3/20/2025	23	Full Scan 30s	102	M07708	"1,2,3,4,5,6"	"A_Male, B_Male, D_Male, A_Female, B_Female, D_Female"	
3/20/2025	23	Network Today Default	103	M07708	"1,2,3,4,5,6"	"A_Male, B_Male, D_Male, A_Female, B_Female, D_Female"	
3/20/2025	23	Neuronal Units 9	104	M07708	"1,2,3,4,5,6"	"A_Male, B_Male, D_Male, A_Female, B_Female, D_Female"	
3/20/2025	23	Full Scan 30s	105	M07137	"1,2,3,4,5,6"	"A_Male, B_Male, D_Male, E_Male, A_Female, B_Female"	
3/20/2025	23	Network Today Default	106	M07137	"1,2,3,4,5,6"	"A_Male, B_Male, D_Male, E_Male, A_Female, B_Female"	
3/20/2025	23	Neuronal Units 9	107	M07137	"1,2,3,4,5,6"	"A_Male, B_Male, D_Male, E_Male, A_Female, B_Female"	
3/20/2025	23	Full Scan 30s	108	M08092	"1,2,3,4,5,6"	"A_Male, B_Male, D_Male, E_Male, D_Female, E_Female"	
3/20/2025	23	Network Today Default	109	M08092	"1,2,3,4,5,6"	"A_Male, B_Male, D_Male, E_Male, D_Female, E_Female"	";
"
3/20/2025	23	Neuronal Units 9	110	M08092	"1,2,3,4,5,6"	"A_Male, B_Male, D_Male, E_Male, D_Female, E_Female"	
3/20/2025	23	Full Scan 30s	111	M07865	"1,2,3,4,5,6"	"E_Male, A_Female, B_Female, D_Female, E_Female, E_Female"	
3/20/2025	23	Network Today Default	112	M07865	"1,2,3,4,5,6"	"E_Male, A_Female, B_Female, D_Female, E_Female, E_Female"	
3/20/2025	23	Neuronal Units 9	113	M07865	"1,2,3,4,5,6"	"E_Male, A_Female, B_Female, D_Female, E_Female, E_Female"	
3/20/2025	8	Full Scan 30s	114	M08068	"1,2,3,4,5,6"	"C_Male, E_Female, C_Male, C_Male, E_Female, E_Male"	
3/20/2025	8	Network Today Default	115	M08068	"1,2,3,4,5,6"	"C_Male, E_Female, C_Male, C_Male, E_Female, E_Male"	
3/20/2025	8	Neuronal Units 9	116	M08068	"1,2,3,4,5,6"	"C_Male, E_Female, C_Male, C_Male, E_Female, E_Male"	
3/20/2025	8	Full Scan 30s	117	M08032	"1,2,3,4,5,6"	"C_Male, E_Male, C_Male, C_Male, E_Male, E_Female"	
3/20/2025	8	Network Today Default	118	M08032	"1,2,3,4,5,6"	"C_Male, E_Male, C_Male, C_Male, E_Male, E_Female"	
3/20/2025	8	Neuronal Units 9	119	M08032	"1,2,3,4,5,6"	"C_Male, E_Male, C_Male, C_Male, E_Male, E_Female"	
3/24/2025	12	Full Scan 30s	120	M08032	"1,2,3,4,5,6"	"C_Male, E_Male, C_Male, C_Male, E_Male, E_Female"	
3/24/2025	12	Network Today Default	121	M08032	"1,2,3,4,5,6"	"C_Male, E_Male, C_Male, C_Male, E_Male, E_Female"	
3/24/2025	12	Neuronal Units 9	122	M08032	"1,2,3,4,5,6"	"C_Male, E_Male, C_Male, C_Male, E_Male, E_Female"	
3/24/2025	12	Axon Tracking 1hr	123	M08032	"1,2,3,4,5,6"	"C_Male, E_Male, C_Male, C_Male, E_Male, E_Female"	
3/24/2025	12	Axon Tracking 13 mins	125	M08032	"1,2,3,4,5,6"	"C_Male, E_Male, C_Male, C_Male, E_Male, E_Female"	
3/24/2025	12	Full Scan 30s	126	M08068	"1,2,3,4,5,6"	"C_Male, E_Female, C_Male, C_Male, E_Female, E_Male"	
3/24/2025	12	Network Today Default	127	M08068	"1,2,3,4,5,6"	"C_Male, E_Female, C_Male, C_Male, E_Female, E_Male"	
3/24/2025	12	Neuronal Units 9	128	M08068	"1,2,3,4,5,6"	"C_Male, E_Female, C_Male, C_Male, E_Female, E_Male"	
3/24/2025	12	Axon Tracking 1hr	129	M08068	"1,2,3,4,5,6"	"C_Male, E_Female, C_Male, C_Male, E_Female, E_Male"	
3/24/2025	12	Axon Tracking 13 mins	130	M08068	"1,2,3,4,5,6"	"C_Male, E_Female, C_Male, C_Male, E_Female, E_Male"	
3/24/2025	27	Full Scan 30s	131	M07865	"1,2,3,4,5,6"	"E_Male, A_Female, B_Female, D_Female, E_Female, E_Female"	
3/24/2025	27	Network Today Default	132	M07865	"1,2,3,4,5,6"	"E_Male, A_Female, B_Female, D_Female, E_Female, E_Female"	
3/24/2025	27	Neuronal Units 9	133	M07865	"1,2,3,4,5,6"	"E_Male, A_Female, B_Female, D_Female, E_Female, E_Female"	
3/24/2025	27	Axon Tracking 1hr	134	M07865	"1,2,3,4,5,6"	"E_Male, A_Female, B_Female, D_Female, E_Female, E_Female"	
3/24/2025	27	Axon Tracking 13 mins	135	M07865	"1,2,3,4,5,6"	"E_Male, A_Female, B_Female, D_Female, E_Female, E_Female"	
3/24/2025	27	Full Scan 30s	136	M08092	"1,2,3,4,5,6"	"A_Male, B_Male, D_Male, E_Male, D_Female, E_Female"	
3/24/2025	27	Network Today Default	137	M08092	"1,2,3,4,5,6"	"A_Male, B_Male, D_Male, E_Male, D_Female, E_Female"	
3/24/2025	27	Neuronal Units 9	138	M08092	"1,2,3,4,5,6"	"A_Male, B_Male, D_Male, E_Male, D_Female, E_Female"	
3/24/2025	27	Axon Tracking 1hr	139	M08092	"1,2,3,4,5,6"	"A_Male, B_Male, D_Male, E_Male, D_Female, E_Female"	
3/24/2025	27	Axon Tracking 13 mins	140	M08092	"1,2,3,4,5,6"	"A_Male, B_Male, D_Male, E_Male, D_Female, E_Female"	
3/24/2025	27	Full Scan 30s	141	M07708	"1,2,3,4,5,6"	"A_Male, B_Male, D_Male, A_Female, B_Female, D_Female"	
3/24/2025	27	Network Today Default	146	M07708	"1,2,3,4,5,6"	"A_Male, B_Male, D_Male, A_Female, B_Female, D_Female"	
3/24/2025	27	Neuronal Units 9	143	M07708	"1,2,3,4,5,6"	"A_Male, B_Male, D_Male, A_Female, B_Female, D_Female"	
3/24/2025	27	Axon Tracking 1hr	144	M07708	"1,2,3,4,5,6"	"A_Male, B_Male, D_Male, A_Female, B_Female, D_Female"	
3/24/2025	27	Axon Tracking 13 mins	145	M07708	"1,2,3,4,5,6"	"A_Male, B_Male, D_Male, A_Female, B_Female, D_Female"	
3/24/2025	27	Full Scan 30s	147	M07137	"1,2,3,4,5,6"	"A_Male, B_Male, D_Male, E_Male, A_Female, B_Female"	
3/24/2025	27	Network Today Default	148	M07137	"1,2,3,4,5,6"	"A_Male, B_Male, D_Male, E_Male, A_Female, B_Female"	
3/24/2025	27	Neuronal Units 9	149	M07137	"1,2,3,4,5,6"	"A_Male, B_Male, D_Male, E_Male, A_Female, B_Female"	
3/24/2025	27	Axon Tracking 1hr	150	M07137	"1,2,3,4,5,6"	"A_Male, B_Male, D_Male, E_Male, A_Female, B_Female"	
3/24/2025	27	Axon Tracking 13 mins	151	M07137	"1,2,3,4,5,6"	"A_Male, B_Male, D_Male, E_Male, A_Female, B_Female"	
3/27/2025	30	Full Scan 30s	152	M07708	"1,2,3,4,5,6"	"A_Male, B_Male, D_Male, A_Female, B_Female, D_Female"	
3/27/2025	30	Network Today Default	153	M07708	"1,2,3,4,5,6"	"A_Male, B_Male, D_Male, A_Female, B_Female, D_Female"	
3/27/2025	30	Neuronal Units 9	154	M07708	"1,2,3,4,5,6"	"A_Male, B_Male, D_Male, A_Female, B_Female, D_Female"	
3/27/2025	30	Full Scan 30s	155	M07137	"1,2,3,4,5,6"	"A_Male, B_Male, D_Male, E_Male, A_Female, B_Female"	
3/27/2025	30	Network Today Default	156	M07137	"1,2,3,4,5,6"	"A_Male, B_Male, D_Male, E_Male, A_Female, B_Female"	
3/27/2025	30	Neuronal Units 9	157	M07137	"1,2,3,4,5,6"	"A_Male, B_Male, D_Male, E_Male, A_Female, B_Female"	
3/27/2025	30	Full Scan 30s	158	M08092	"1,2,3,4,5,6"	"A_Male, B_Male, D_Male, E_Male, D_Female, E_Female"	
3/27/2025	30	Network Today Default	159	M08092	"1,2,3,4,5,6"	"A_Male, B_Male, D_Male, E_Male, D_Female, E_Female"	
3/27/2025	30	Neuronal Units 9	160	M08092	"1,2,3,4,5,6"	"A_Male, B_Male, D_Male, E_Male, D_Female, E_Female"	
3/27/2025	30	Full Scan 30s	161	M07865	"1,2,3,4,5,6"	"E_Male, A_Female, B_Female, D_Female, E_Female, E_Female"	
3/27/2025	30	Network Today Default	162	M07865	"1,2,3,4,5,6"	"E_Male, A_Female, B_Female, D_Female, E_Female, E_Female"	
3/27/2025	30	Neuronal Units 9	163	M07865	"1,2,3,4,5,6"	"E_Male, A_Female, B_Female, D_Female, E_Female, E_Female"	
3/27/2025	15	Full Scan 30s	164	M08068	"1,2,3,4,5,6"	"C_Male, E_Female, C_Male, C_Male, E_Female, E_Male"	
3/27/2025	15	Network Today Default	165	M08068	"1,2,3,4,5,6"	"C_Male, E_Female, C_Male, C_Male, E_Female, E_Male"	
3/27/2025	15	Neuronal Units 9	166	M08068	"1,2,3,4,5,6"	"C_Male, E_Female, C_Male, C_Male, E_Female, E_Male"	
3/27/2025	15	Full Scan 30s	167	M08032	"1,2,3,4,5,6"	"C_Male, E_Male, C_Male, C_Male, E_Male, E_Female"	
3/27/2025	15	Network Today Default	168	M08032	"1,2,3,4,5,6"	"C_Male, E_Male, C_Male, C_Male, E_Male, E_Female"	
3/27/2025	15	Neuronal Units 9	169	M08032	"1,2,3,4,5,6"	"C_Male, E_Male, C_Male, C_Male, E_Male, E_Female"	
3/31/2025	34	Full Scan 30s	170	M07708	"1,2,3,4,5,6"	"A_Male, B_Male, D_Male, A_Female, B_Female, D_Female"	
3/31/2025	34	Network Today Default	171	M07708	"1,2,3,4,5,6"	"A_Male, B_Male, D_Male, A_Female, B_Female, D_Female"	
3/31/2025	34	Neuronal Units 9	172	M07708	"1,2,3,4,5,6"	"A_Male, B_Male, D_Male, A_Female, B_Female, D_Female"	
3/31/2025	34	Full Scan 30s	173	M07137	"1,2,3,4,5,6"	"A_Male, B_Male, D_Male, E_Male, A_Female, B_Female"	
3/31/2025	34	Network Today Default	174	M07137	"1,2,3,4,5,6"	"A_Male, B_Male, D_Male, E_Male, A_Female, B_Female"	
3/31/2025	34	Neuronal Units 9	175	M07137	"1,2,3,4,5,6"	"A_Male, B_Male, D_Male, E_Male, A_Female, B_Female"	
3/31/2025	34	Full Scan 30s	176	M08092	"1,2,3,4,5,6"	"A_Male, B_Male, D_Male, E_Male, D_Female, E_Female"	
3/31/2025	34	Network Today Default	177	M08092	"1,2,3,4,5,6"	"A_Male, B_Male, D_Male, E_Male, D_Female, E_Female"	
3/31/2025	34	Neuronal Units 9	178	M08092	"1,2,3,4,5,6"	"A_Male, B_Male, D_Male, E_Male, D_Female, E_Female"	
3/31/2025	34	Full Scan 30s	179	M07865	"1,2,3,4,5,6"	"E_Male, A_Female, B_Female, D_Female, E_Female, E_Female"	
3/31/2025	34	Network Today Default	180	M07865	"1,2,3,4,5,6"	"E_Male, A_Female, B_Female, D_Female, E_Female, E_Female"	
3/31/2025	34	Neuronal Units 9	181	M07865	"1,2,3,4,5,6"	"E_Male, A_Female, B_Female, D_Female, E_Female, E_Female"	
3/31/2025	19	Full Scan 30s	182	M08068	"1,2,3,4,5,6"	"C_Male, E_Female, C_Male, C_Male, E_Female, E_Male"	
3/31/2025	19	Network Today Default	183	M08068	"1,2,3,4,5,6"	"C_Male, E_Female, C_Male, C_Male, E_Female, E_Male"	
3/31/2025	19	Full Scan 30s	190	M08032	"1,2,3,4,5,6"	"C_Male, E_Male, C_Male, C_Male, E_Male, E_Female"	
3/31/2025	19	Network Today Default	191	M08032	"1,2,3,4,5,6"	"C_Male, E_Male, C_Male, C_Male, E_Male, E_Female"	
4/3/2025	22	Full Scan 30s	192	M08068	"1,2,3,4,5,6"	"C_Male, E_Female, C_Male, C_Male, E_Female, E_Male"	
4/3/2025	22	Network Today Default	193	M08068	"1,2,3,4,5,6"	"C_Male, E_Female, C_Male, C_Male, E_Female, E_Male"	
4/3/2025	22	Neuronal Units 9	194	M08068	"1,2,3,4,5,6"	"C_Male, E_Female, C_Male, C_Male, E_Female, E_Male"	
4/3/2025	22	Full Scan 30s	195	M08032	"1,2,3,4,5,6"	"C_Male, E_Male, C_Male, C_Male, E_Male, E_Female"	
4/3/2025	22	Network Today Default	196	M08032	"1,2,3,4,5,6"	"C_Male, E_Male, C_Male, C_Male, E_Male, E_Female"	
4/3/2025	22	Neuronal Units 9	197	M08032	"1,2,3,4,5,6"	"C_Male, E_Male, C_Male, C_Male, E_Male, E_Female"	
4/7/2025	26	Full Scan 30s	198	M08068	"1,2,3,4,5,6"	"C_Male, E_Female, C_Male, C_Male, E_Female, E_Male"	
4/7/2025	26	Network Today Default	199	M08068	"1,2,3,4,5,6"	"C_Male, E_Female, C_Male, C_Male, E_Female, E_Male"	
4/7/2025	26	Neuronal Units 9	200	M08068	"1,2,3,4,5,6"	"C_Male, E_Female, C_Male, C_Male, E_Female, E_Male"	
4/7/2025	26	Axon Tracking 1hr	201	M08068	"1,2,3,4,5,6"	"C_Male, E_Female, C_Male, C_Male, E_Female, E_Male"	
4/7/2025	26	Axon Tracking 13 mins	202	M08068	"1,2,3,4,5,6"	"C_Male, E_Female, C_Male, C_Male, E_Female, E_Male"	
4/7/2025	26	Full Scan 30s	203	M08032	"1,2,3,4,5,6"	"C_Male, E_Male, C_Male, C_Male, E_Male, E_Female"	
4/7/2025	26	Network Today Default	204	M08032	"1,2,3,4,5,6"	"C_Male, E_Male, C_Male, C_Male, E_Male, E_Female"	
4/7/2025	26	Neuronal Units 9	205	M08032	"1,2,3,4,5,6"	"C_Male, E_Male, C_Male, C_Male, E_Male, E_Female"	
4/7/2025	26	Axon Tracking 1hr	206	M08032	"1,2,3,4,5,6"	"C_Male, E_Male, C_Male, C_Male, E_Male, E_Female"	
4/7/2025	26	Axon Tracking 13 mins	207	M08032	"1,2,3,4,5,6"	"C_Male, E_Male, C_Male, C_Male, E_Male, E_Female"	
4/10/2025	29	Full Scan 30s	208	M08068	"1,2,3,4,5,6"	"C_Male, E_Female, C_Male, C_Male, E_Female, E_Male"	
4/10/2025	29	Network Today Default	209	M08068	"1,2,3,4,5,6"	"C_Male, E_Female, C_Male, C_Male, E_Female, E_Male"	
4/10/2025	29	Neuronal Units 9	210	M08068	"1,2,3,4,5,6"	"C_Male, E_Female, C_Male, C_Male, E_Female, E_Male"	
4/10/2025	29	Full Scan 30s	211	M08032	"1,2,3,4,5,6"	"C_Male, E_Male, C_Male, C_Male, E_Male, E_Female"	
4/10/2025	29	Network Today Default	212	M08032	"1,2,3,4,5,6"	"C_Male, E_Male, C_Male, C_Male, E_Male, E_Female"	
4/10/2025	29	Neuronal Units 9	213	M08032	"1,2,3,4,5,6"	"C_Male, E_Male, C_Male, C_Male, E_Male, E_Female"	
4/14/2025	33	Full Scan 30s	214	M08032	"1,2,3,4,5,6"	"C_Male, E_Male, C_Male, C_Male, E_Male, E_Female"	
4/14/2025	33	Network Today Default	215	M08032	"1,2,3,4,5,6"	"C_Male, E_Male, C_Male, C_Male, E_Male, E_Female"	
4/14/2025	33	Neuronal Units 9	216	M08032	"1,2,3,4,5,6"	"C_Male, E_Male, C_Male, C_Male, E_Male, E_Female"	
4/14/2025	33	Full Scan 30s	217	M08068	"1,2,3,4,5,6"	"C_Male, E_Female, C_Male, C_Male, E_Female, E_Male"	
4/14/2025	33	Network Today Default	218	M08068	"1,2,3,4,5,6"	"C_Male, E_Female, C_Male, C_Male, E_Female, E_Male"	
4/14/2025	33	Neuronal Units 9	219	M08068	"1,2,3,4,5,6"	"C_Male, E_Female, C_Male, C_Male, E_Female, E_Male"	
